EMBEDDING_MODEL,SIMILARITY_METRIC,DATASET,d1 ids without match,top_1_recall,top_1_precision,top_1_f1,top_2_recall,top_2_precision,top_2_f1,top_3_recall,top_3_precision,top_3_f1,top_4_recall,top_4_precision,top_4_f1,top_5_recall,top_5_precision,top_5_f1,use_task,EMBEDDINGS_GENERATION_TIME
sentence-transformers/all-MiniLM-L12-v2,cosine,D3,251,0.6143375680580763,0.6171376481312671,0.6157344247385176,0.7568058076225045,0.38327205882352944,0.5088468578401465,0.8284936479128857,0.2836284560422491,0.42258736403610275,0.8575317604355717,0.22489290813898144,0.3563348416289593,0.8856624319419237,0.19084865076261243,0.314028314028314,False,23.04 minutes
sentence-transformers/all-MiniLM-L12-v2,euclidian,D3,251,0.6143375680580763,0.6171376481312671,0.6157344247385176,0.7568058076225045,0.38327205882352944,0.5088468578401465,0.8284936479128857,0.2836284560422491,0.42258736403610275,0.8575317604355717,0.22489290813898144,0.3563348416289593,0.8856624319419237,0.19084865076261243,0.314028314028314,False,23.04 minutes
sentence-transformers/all-MiniLM-L6-v2,cosine,D3,251,0.5980036297640653,0.6007292616226071,0.5993633469758981,0.7495462794918331,0.3795955882352941,0.5039658328248933,0.8176043557168784,0.27990059024541786,0.41703309419115947,0.8566243194192378,0.22465492622560684,0.3559577677224736,0.8820326678765881,0.19006648416112631,0.3127413127413127,False,20.79 minutes
sentence-transformers/all-MiniLM-L6-v2,euclidian,D3,251,0.5980036297640653,0.6007292616226071,0.5993633469758981,0.7495462794918331,0.3795955882352941,0.5039658328248933,0.8176043557168784,0.27990059024541786,0.41703309419115947,0.8566243194192378,0.22465492622560684,0.3559577677224736,0.8820326678765881,0.19006648416112631,0.3127413127413127,False,20.79 minutes
Alibaba-NLP/gte-Qwen2-7B-instruct,cosine,D3,251,0.7223230490018149,0.7256153144940748,0.7239654388358345,0.8393829401088929,0.4250919117647059,0.5643685173886516,0.8901996370235935,0.3047530288909599,0.4540615598241147,0.9101633393829401,0.23869585911470728,0.3782051282051282,0.9219600725952813,0.1986703167774736,0.32689832689832693,False,5.28 hours
Alibaba-NLP/gte-Qwen2-7B-instruct,euclidian,D3,251,0.7223230490018149,0.7256153144940748,0.7239654388358345,0.8393829401088929,0.4250919117647059,0.5643685173886516,0.8901996370235935,0.3047530288909599,0.4540615598241147,0.9101633393829401,0.23869585911470728,0.3782051282051282,0.9219600725952813,0.1986703167774736,0.32689832689832693,False,5.28 hours
llmrails/ember-v1,cosine,D3,251,0.6488203266787659,0.6517775752051048,0.6502955889040473,0.8003629764065335,0.4053308823529412,0.5381330079316656,0.8502722323049002,0.29108418763591176,0.4336959037259894,0.8802177858439202,0.23084245597334602,0.3657616892911011,0.8938294010889292,0.1926085256159562,0.3169240669240669,False,3.41 minutes
llmrails/ember-v1,euclidian,D3,251,0.6515426497277677,0.6545123062898814,0.6530241018644838,0.7903811252268602,0.40027573529411764,0.5314215985356926,0.8466424682395645,0.2898415657036347,0.4318444804443416,0.8738656987295825,0.22917658257972395,0.3631221719457014,0.8920145190562614,0.19221744231521315,0.3162805662805663,False,3.41 minutes
Salesforce/SFR-Embedding-Mistral,cosine,D3,251,0.7087114337568058,0.7119416590701915,0.7103228740336517,0.8448275862068966,0.42784926470588236,0.5680292861500915,0.8947368421052632,0.3063063063063063,0.45637583892617445,0.911070780399274,0.23893384102808188,0.3785822021116139,0.9183303085299456,0.1978881501759875,0.3256113256113256,False,6.48 hours
Salesforce/SFR-Embedding-Mistral,euclidian,D3,251,0.7096188747731398,0.7128532360984503,0.7112323783537972,0.852994555353902,0.4319852941176471,0.5735204392922515,0.895644283121597,0.3066169617893756,0.4568386947465865,0.9083484573502723,0.23821989528795812,0.37745098039215685,0.9183303085299456,0.1978881501759875,0.3256113256113256,False,6.48 hours
BAAI/bge-m3,cosine,D3,251,0.6343012704174229,0.6371923427529627,0.635743519781719,0.7885662431941923,0.3993566176470588,0.5302013422818792,0.8411978221415608,0.287977632805219,0.42906734552186987,0.8720508166969148,0.22870061875297476,0.36236802413273,0.895644283121597,0.19299960891669926,0.31756756756756754,False,10.14 minutes
BAAI/bge-m3,euclidian,D3,251,0.6343012704174229,0.6371923427529627,0.635743519781719,0.7885662431941923,0.3993566176470588,0.5302013422818792,0.8411978221415608,0.287977632805219,0.42906734552186987,0.8720508166969148,0.22870061875297476,0.36236802413273,0.8947368421052632,0.19280406726632773,0.31724581724581724,False,10.14 minutes
BAAI/bge-en-icl,cosine,D3,251,0.5825771324863884,0.585232452142206,0.5839017735334242,0.73502722323049,0.37224264705882354,0.4942037827943868,0.7931034482758621,0.2715128922025474,0.404535987040037,0.852994555353902,0.2237029985721085,0.3544494720965309,0.8865698729582577,0.19104419241298395,0.31435006435006435,False,11.47 hours
BAAI/bge-en-icl,euclidian,D3,251,0.5825771324863884,0.585232452142206,0.5839017735334242,0.73502722323049,0.37224264705882354,0.4942037827943868,0.7931034482758621,0.2715128922025474,0.404535987040037,0.852994555353902,0.2237029985721085,0.3544494720965309,0.8865698729582577,0.19104419241298395,0.31435006435006435,False,11.47 hours
dunzhang/stella_en_1.5B_v5,cosine,D3,251,0.6969147005444646,0.7000911577028259,0.6984993178717598,0.838475499092559,0.42463235294117646,0.5637583892617449,0.8838475499092558,0.30257844050947497,0.4508215690812311,0.9047186932849365,0.2372679676344598,0.3759426847662142,0.9156079854809437,0.1973015252248729,0.32464607464607464,False,7.58 minutes
dunzhang/stella_en_1.5B_v5,euclidian,D3,251,0.6288566243194192,0.6317228805834093,0.6302864938608459,0.778584392014519,0.3943014705882353,0.523489932885906,0.8248638838475499,0.28238583410997203,0.420735940754455,0.8702359346642469,0.2282246549262256,0.3616138763197587,0.8911070780399274,0.19202190066484162,0.3159588159588159,False,7.58 minutes
intfloat/e5-mistral-7b-instruct,cosine,D3,251,0.677858439201452,0.6809480401093893,0.679399727148704,0.8257713248638838,0.4181985294117647,0.5552165954850519,0.8793103448275862,0.30102516309412863,0.44850728997917155,0.9001814882032668,0.23607805806758686,0.37405731523378577,0.911978221415608,0.1965193586233868,0.3233590733590734,False,6.82 hours
intfloat/e5-mistral-7b-instruct,euclidian,D3,251,0.677858439201452,0.6809480401093893,0.679399727148704,0.8275862068965517,0.41911764705882354,0.5564368517388651,0.8802177858439202,0.3013358185771979,0.4489701457995834,0.9038112522686026,0.2370299857210852,0.3755656108597285,0.911978221415608,0.1965193586233868,0.3233590733590734,False,6.82 hours
